Player,Rating
Umar Gul,9.4
Shoaib Akhtar,8.8
K Santokie,8.4
Sohail Tanvir,8.2
MA Starc,8.0
CRD Fernando,8.0
Mustafizur Rahman,8.0
Imran Tahir,7.8
DP Nannes,7.6
YS Chahal,7.2
A Zampa,7.2
SE Bond,7.0
RE van der Merwe,7.0
NM Coulter-Nile,6.8
BAW Mendis,6.8
SL Malinga,6.8
A Nehra,6.8
SM Pollock,6.8
MG Johnson,6.8
D Wiese,6.4
MJ McClenaghan,6.4
DW Steyn,6.4
R McLaren,6.2
JE Taylor,6.2
TA Boult,6.2
JP Faulkner,6.2
CH Morris,6.2
CJ Jordan,6.2
Shahid Afridi,6.2
CK Langeveldt,6.0
JJ Bumrah,6.0
M Muralitharan,5.8
SP Narine,5.8
WD Parnell,5.8
SW Tait,5.8
DL Vettori,5.8
R Ashwin,5.6
AD Mascarenhas,5.6
SMSM Senanayake,5.6
Shakib Al Hasan,5.6
R Rampaul,5.6
M Morkel,5.4
DJ Bravo,5.4
Harbhajan Singh,5.4
IK Pathan,5.4
WPUJC Vaas,5.4
FH Edwards,5.4
J Botha,5.2
B Kumar,5.2
TG Southee,5.2
S Badree,5.2
D du Preez,5.0
MF Maharoof,5.0
Rashid Khan,5.0
AP Dole,5.0
T Thushara,5.0
Abdur Razzak,5.0
PJ Cummins,5.0
Z Khan,5.0
KJ Abbott,4.8
IS Sodhi,4.8
AC Botha,4.6
BE Hendricks,4.6
HS Baidwan,4.6
Al-Amin Hossain,4.6
SR Watson,4.6
KW Richardson,4.6
RA Jadeja,4.6
YA Abdulla,4.6
JR Hopes,4.6
B Lee,4.4
CR Brathwaite,4.4
RJ Peterson,4.4
AF Milne,4.4
KMDN Kulasekara,4.4
AD Russell,4.4
NLTC Perera,4.4
Mohammad Sami,4.4
DAJ Bracewell,4.4
Hamid Hassan,4.4
PP Ojha,4.4
SB Styris,4.4
T Panyangara,4.2
Ahsan Malik,4.2
DJG Sammy,4.2
DE Bollinger,4.2
RM Haq,4.2
Hasan Ali,4.2
RP Singh,4.2
Amjad Javed,4.2
NL McCullum,4.2
Mohammad Naveed,4.2
JA Morkel,4.2
ST Jayasuriya,4.2
GP Swann,4.0
RJ Sidebottom,4.0
K Rabada,4.0
MJ Santner,4.0
Aizaz Khan,4.0
J Theron,4.0
Saeed Ajmal,4.0
Karanveer Singh,4.0
R Ninan,4.0
JH Kallis,4.0
I Sharma,4.0
AG Cremer,4.0
RS Bopara,4.0
MM Sharma,4.0
A Symonds,4.0
JDP Oram,4.0
Mohammad Asif,4.0
JW Hastings,4.0
JJ van der Wath,4.0
ST Finn,3.8
JK Kamande,3.8
Haseeb Amjad,3.8
HMRKB Herath,3.8
S Sreesanth,3.8
LE Plunkett,3.8
Yasir Arafat,3.8
GB Hogg,3.8
Imad Wasim,3.8
Bilal Khan,3.8
AM Phangiso,3.8
IG Butler,3.8
WB Rankin,3.8
S Aravind,3.6
BB Sran,3.6
Mashrafe Mortaza,3.6
A Nel,3.6
GD McGrath,3.6
DT Johnston,3.6
SM Harwood,3.6
Mohammad Amir,3.6
PD Collingwood,3.6
AA Noffke,3.6
L Balaji,3.6
Mudassar Bukhari,3.6
DJ Willey,3.6
DS Kulkarni,3.6
Sandeep Sharma,3.6
GH Dockrell,3.6
Nadeem Ahmed,3.6
RJ Harris,3.6
SO Ngoche,3.6
JDS Neesham,3.6
MM Patel,3.6
SM Boland,3.6
SM Sharif,3.4
Mohammad Hafeez,3.4
PA van Meekeren,3.4
HH Pandya,3.4
Wahab Riaz,3.4
SCJ Broad,3.4
A Mishra,3.4
MJG Rippon,3.4
MRJ Watt,3.4
BW Hilfenhaus,3.4
AD Mathews,3.4
DT Christian,3.4
Dawlat Zadran,3.4
A Flintoff,3.2
AR Patel,3.2
AR Cusack,3.2
T van der Gugten,3.2
NW Bracken,3.2
MC Sorensen,3.2
GD Drummond,3.2
Mohammad Nabi,3.2
TJ Murtagh,3.2
KJ O'Brien,3.2
Amir Hamza,3.2
JW Dernbach,3.2
S Randiv,3.2
JEC Franklin,3.2
SPD Smith,3.2
PP Chawla,3.2
Tanwir Afzal,3.2
GR Napier,3.0
YK Pathan,3.0
JM Anderson,3.0
SJ Srivastava,3.0
RW Price,3.0
AB Dinda,3.0
HA Varaiya,3.0
A Kumble,3.0
R Vinay Kumar,3.0
Kamran Khan,3.0
SS Mundhe,3.0
P Amarnath,3.0
DJ Hussey,3.0
SO Tikolo,3.0
Yuvraj Singh,3.0
AM Salvi,3.0
A Uniyal,3.0
Anureet Singh,3.0
L Ablish,3.0
SK Warne,3.0
VY Mahesh,3.0
Shapoor Zadran,3.0
P Kumar,3.0
PV Tambe,3.0
S Gopal,3.0
RG Aga,2.8
LL Tsotsobe,2.8
Mohammad Irfan,2.8
SJ Benn,2.8
GJ Maxwell,2.8
MA Leask,2.8
Mehran Khan,2.8
KD Mills,2.8
P Utseya,2.8
JH Davey,2.8
MH Yardy,2.8
MN Samuels,2.8
SC Williams,2.8
JO Holder,2.8
Rohan Mustafa,2.8
KA Pollard,2.6
Joginder Sharma,2.6
MP Stoinis,2.6
AB Agarkar,2.6
TT Bresnan,2.6
KV Sharma,2.6
LJ Wright,2.6
R Dhawan,2.6
M Ntini,2.6
B Geeves,2.6
UT Yadav,2.6
R Sharma,2.6
PVD Chameera,2.6
MC Henriques,2.6
Shoaib Malik,2.6
CH Gayle,2.6
MR Marsh,2.6
GD Elliott,2.6
AU Rashid,2.6
Rubel Hossain,2.6
AC Thomas,2.6
CJ Anderson,2.6
Zeeshan Maqsood,2.4
BMAJ Mendis,2.4
MR Swart,2.4
Khawar Ali,2.4
Abdul Razzaq,2.4
I Udana,2.4
Mirwais Ashraf,2.4
SK Raina,2.4
PM Seelaar,2.4
CB Mpofu,2.4
Ahmed Raza,2.4
Mohammad Ashraful,2.4
JP Duminy,2.4
DR Smith,2.2
MM Ali,2.2
Shafiul Islam,2.2
JD Unadkat,2.2
S Tyagi,2.2
Taskin Ahmed,2.2
Rizwan Cheema,2.2
RN ten Doeschate,2.2
MJ Clarke,2.2
T Henderson,2.2
T Shamsi,2.2
M Kartik,2.2
P Awana,2.2
JM Kemp,2.2
AR McBrine,2.2
RM Hira,2.2
TM Dilshan,2.0
Jaskaran Singh,2.0
Samiullah Shenwari,2.0
RD Berrington,2.0
HV Patel,2.0
RG More,2.0
ND Doshi,2.0
SK Trivedi,2.0
CO Obuya,2.0
A Singh,2.0
C Nanda,2.0
MS Gony,2.0
P Parameswaran,2.0
DJ Muthuswami,2.0
DJ Thornely,2.0
CA Young,2.0
BCJ Cutting,2.0
R Tewatia,2.0
P Sahu,2.0
CJ McKay,2.0
Anand Rajan,2.0
RR Powar,2.0
Mahmudullah,2.0
AB McDonald,2.0
Bipul Sharma,2.0
D Kalyankrishna,2.0
MA Khote,2.0
Gagandeep Singh,2.0
R Bhatia,2.0
VS Malik,2.0
RR Raje,2.0
J Suchith,2.0
Shivam Sharma,2.0
S Prasanna,2.0
Anwar Ali,2.0
AV Lalcheta,2.0
DNT Zoysa,2.0
Mohammed Shami,2.0
SB Jakati,2.0
Harmeet Singh,2.0
SS Sarkar,2.0
Karim Sadiq,2.0
BA Bhatt,2.0
VR Aaron,2.0
PW Borren,2.0
NN Odhiambo,2.0
M Ashwin,2.0
PM Sarvesh Kumar,2.0
IC Pandey,2.0
Iqbal Abdulla,2.0
DP Vijaykumar,2.0
V Kohli,2.0
J Syed Mohammad,2.0
KK Cooper,2.0
PJ Sangwan,2.0
Shoaib Ahmed,2.0
AN Ahmed,2.0
S Narwal,2.0
VRV Singh,2.0
S Ladda,2.0
KAJ Roach,2.0
AG Murtaza,2.0
SB Wagh,2.0
Mohammad Shahzad,2.0
S Kaushik,2.0
A Mithun,2.0
JF Mooney,2.0
MW Machan,2.0
Sikandar Raza,1.8
SR Patel,1.8
JC Tredwell,1.8
Kuldeep Yadav,1.6
LPC Silva,1.6
RG Sharma,1.6
STR Binny,1.6
Parvez Rasool,1.6
F Behardien,1.6
C Munro,1.6
TM Head,1.6
B Laughlin,1.6
RR Sarwan,1.6
BA Stokes,1.6
CJ Chibhabha,1.6
TAM Siriwardana,1.6
LMP Simmons,1.6
PR Stirling,1.6
M de Lange,1.6
KP Pietersen,1.6
CL White,1.6
JD Ryder,1.6
P Negi,1.6
BJ Hodge,1.6
SA Abbott,1.6
KS Williamson,1.6
Younis Khan,1.6
AC Voges,1.6
SR Tendulkar,1.6
Junaid Siddiqui,1.4
SR Thompson,1.4
B Regmi,1.4
P Khadka,1.4
Anshuman Rath,1.4
JD Nel,1.4
SP Gauchan,1.4
PC Connell,1.4
Farhad Reza,1.4
E Otieno,1.4
Sagar Pun,1.4
JO Ngoche,1.4
S Dhaniram,1.4
CD de Lange,1.4
JAR Blain,1.4
TS Chisoro,1.4
TM Odoyo,1.4
Raza Hasan,1.4
MD Dai,1.4
RJ Nicol,1.4
MD Shanaka,1.4
H Osinde,1.2
CJ Boyce,1.2
Irfan Ahmed,1.2
AC Evans,1.2
Shadab Khan,1.2
M Vijay,1.2
DPMD Jayawardene,1.2
PL Mommsen,1.2
V Sehwag,1.2
T Taibu,1.2
Nasir Hossain,1.2
N Vanua,1.2
NM Carter,1.2
PJ Ongondo,1.2
GC Smith,1.2
Elias Sunny,1.2
MEK Hussey,1.2
Zulfiqar Babar,1.2
AJ Finch,1.2
WK McCallan,1.2
E Schiferli,1.2
NO Miller,1.2
U Bhatti,1.2
MJ Guptill,1.2
Syed Rasel,1.2
F du Plessis,1.2
SR Clark,1.2
KOK Williams,1.2
Sompal Kami,1.2
J Mulder,1.2
S Anirudha,1.0
LA Carseldine,1.0
CA Ingram,1.0
M Manhas,1.0
TL Best,1.0
SA Yadav,1.0
A Mukund,1.0
AL Menaria,1.0
KB Arun Karthik,1.0
RS Sodhi,1.0
UBT Chand,1.0
S Badrinath,1.0
KC Sangakkara,1.0
J Arunkumar,1.0
RT Ponting,1.0
CM Gautam,1.0
JE Root,1.0
DAS Gunaratne,1.0
AB Barath,1.0
Gulbadin Naib,1.0
SD Chitnis,1.0
A Chandila,1.0
KH Pandya,1.0
ER Dwivedi,1.0
TL Chatara,1.0
N Rana,1.0
DT Tiripano,1.0
DJ Jacobs,1.0
SA Asnodkar,1.0
SS Shaikh,1.0
VS Yeligati,1.0
MS Bisla,1.0
AS Raut,1.0
K Goel,1.0
AC Blizzard,1.0
Swapnil Singh,1.0
BV Vitori,1.0
Ziaur Rahman,1.0
A Chopra,1.0
DJ Harris,1.0
RML Taylor,1.0
SS Iyer,1.0
S Dhawan,1.0
NV Ojha,1.0
R Dravid,1.0
SB Joshi,1.0
AUK Pathan,1.0
GJ Bailey,1.0
SV Samson,1.0
H Das,1.0
R Sathish,1.0
DT Patil,1.0
M Vohra,1.0
YV Takawale,1.0
PC Valthaty,1.0
VVS Laxman,1.0
SB Bangar,1.0
AG Paunikar,1.0
I Malhotra,1.0
JS Patel,1.0
S Sriram,1.0
AM Rahane,1.0
OA Shah,1.0
JC Buttler,1.0
AB de Villiers,1.0
UA Birla,1.0
Sunny Singh,1.0
JDF Vandersay,1.0
Ankit Sharma,1.0
LRPL Taylor,1.0
BB Samantray,1.0
MA Agarwal,1.0
WA Mota,1.0
AA Chavan,1.0
SW Billings,1.0
RR Pant,1.0
B Sumanth,1.0
SE Marsh,1.0
LR Shukla,1.0
KC Cariappa,1.0
SN Khan,1.0
L Ronchi,1.0
NK Patel,1.0
Fareed Ahmad,1.0
X Thalaivan Sargunam,1.0
Arafat Sunny,1.0
S Sohal,1.0
AS Rajpoot,1.0
PA Reddy,1.0
V Pratap Singh,1.0
AD Nath,1.0
NJ Maddinson,1.0
MDKJ Perera,1.0
S Chanderpaul,1.0
P Suyal,1.0
Y Nagar,1.0
C Madan,1.0
SN Thakur,1.0
Anirudh Singh,1.0
T Kohli,1.0
FY Fazal,1.0
DS Lehmann,1.0
AP Majumdar,1.0
SP Fleming,1.0
MK Pandey,1.0
W Jaffer,1.0
T Mishra,1.0
Misbah-ul-Haq,1.0
RR Rossouw,1.0
S Nadeem,1.0
Pankaj Singh,1.0
M Kaif,1.0
AM Nayar,1.0
XJ Doherty,1.0
Azhar Mahmood,1.0
TL Suman,1.0
GS Sandhu,1.0
Gurkeerat Singh,1.0
NS Naik,1.0
Y Venugopal Rao,1.0
GH Vihari,1.0
MK Tiwary,1.0
E Chigumbura,1.0
PSP Handscomb,1.0
AP Tare,1.0
DA Miller,1.0
AN Ghosh,1.0
IR Jaggi,1.0
SS Tiwary,1.0
K Upadhyay,1.0
BB McCullum,1.0
RV Uthappa,1.0
MJ Lumb,1.0
HH Gibbs,1.0
DR Martyn,1.0
M Rawat,1.0
AA Jhunjhunwala,1.0
SP Goswami,1.0
Fawad Alam,1.0
NJ Rimmington,1.0
Qadeer Ahmed,1.0
RJ Quiney,1.0
RS Gavaskar,1.0
Kamran Akmal,1.0
DA Warner,1.0
B Akhil,1.0
KL Rahul,1.0
S Kaul,1.0
Mohammad Nawaz,1.0
RE Levi,1.0
Harpreet Singh,1.0
G Gambhir,1.0
KD Karthik,1.0
LA Pomersbach,1.0
A Ashish Reddy,1.0
S Vidyut,1.0
DJ Hooda,1.0
KM Jadhav,1.0
BJ Haddin,1.0
ML Hayden,1.0
D Salunkhe,1.0
N Saini,1.0
Nizakat Khan,1.0
Abdur Rehman,1.0
DH Yagnik,1.0
MR Gillespie,1.0
Sachin Baby,1.0
CJ Ferguson,1.0
Q de Kock,1.0
AA Bilakhia,1.0
U Kaul,1.0
Yashpal Singh,1.0
DB Das,1.0
TR Birt,1.0
EJG Morgan,1.0
Y Gnaneswara Rao,1.0
MN van Wyk,1.0
S Rana,1.0
Ishan Kishan,1.0
Mandeep Singh,1.0
TM Srivastava,1.0
R Bishnoi,1.0
Sunny Gupta,1.0
UT Khawaja,1.0
DB Ravi Teja,1.0
KP Appanna,1.0
J Yadav,1.0
MS Wade,1.0
RV Gomez,1.0
Salman Butt,1.0
KK Nair,1.0
RR Bhatkal,1.0
MS Dhoni,1.0
BR Dunk,1.0
B Chipli,1.0
CK Kapugedera,1.0
MD Mishra,1.0
CA Pujara,1.0
Sabbir Rahman,1.0
CA Lynn,1.0
WP Masakadza,1.0
SC Ganguly,1.0
HM Amla,1.0
TD Paine,1.0
VH Zol,1.0
R Shukla,1.0
PA Patel,1.0
WP Saha,1.0
MV Boucher,1.0
M Klinger,1.0
PR Shah,1.0
AC Gilchrist,1.0
SM Katich,1.0
BJ Rohrer,1.0
P Dogra,1.0
AT Rayudu,1.0
MC Juneja,1.0
SS Cottrell,0.8
KM Jarvis,0.8
Sohag Gazi,0.8
G Goudie,0.8
N Madziva,0.8
JRMVB Sanjaya,0.8
M Ansari,0.8
RK Kleinveldt,0.8
CS Martin,0.8
Junaid Khan,0.8
MJ Henry,0.8
AL Phehlukwayo,0.8
Karim Janat,0.8
Aftab Alam,0.8
RMS Eranga,0.6
MS Crane,0.6
AR White,0.6
TE Kane,0.6
JM Muirhead,0.6
Karan KC,0.6
Khurram Chohan,0.6
LN Onyango,0.6
PA Desai,0.6
IE O'Brien,0.6
MDK Perera,0.6
H Davids,0.6
Sultan Ahmed,0.6
TLW Cooper,0.6
T Mupariwa,0.6
MS Kasprowicz,0.6
GE Mathurin,0.6
E Katchay,0.6
Rumman Raees,0.6
RJ Ranpura,0.6
R Telemachus,0.6
D Bishoo,0.6
Faheem Ashraf,0.6
B Fernando,0.6
Raza-ur-Rehman,0.6
LV van Beek,0.6
KS Lokuarachchi,0.6
Rokhan Barakzai,0.6
A Dananjaya,0.6
PM Siddle,0.6
AJ Ireland,0.6
Mohammed Siraj,0.6
Zahoor Khan,0.6
WT Gavera,0.6
AR Nurse,0.6
JL Ontong,0.6
M Zondeki,0.6
BM Wheeler,0.6
Kaleemullah,0.6
MJ Mason,0.6
Jubair Hossain,0.6
JN Gillespie,0.6
PADLR Sandakan,0.6
A Shahzad,0.6
JB Reva,0.6
N Boje,0.6
HMCM Bandara,0.6
M Nasim Baras,0.6
JK Mukhiya,0.6
A Karn,0.6
LJ Woodcock,0.6
Aamer Yamin,0.6
GH Worker,0.6
Shahadat Hossain,0.6
JWM Dalrymple,0.6
EMDY Munaweera,0.6
DR Tuffey,0.6
AM Ellis,0.6
GB Brent,0.6
Zamir Khan,0.6
HF Gurney,0.6
SNJ O'Keefe,0.6
GT Main,0.6
AJ Turner,0.6
Abul Hasan,0.6
RJW Topley,0.6
Naeem Islam,0.6
RLB Rambukwella,0.6
C Zhuwao,0.6
AR Adams,0.6
CT Mutombodzi,0.6
GSNFG Jayasuriya,0.6
MA Parker,0.6
RM West,0.6
JM Davison,0.6
DI Allan,0.6
IH Romaine,0.6
SR Welsh,0.6
L Nou,0.6
CP Schofield,0.6
AO Suji,0.6
AJ Tye,0.6
MA Wood,0.6
SKW Kelly,0.6
Alok Kapali,0.6
T Maruma,0.6
Fawad Ahmed,0.6
Ehsan Nawaz,0.6
JA Richardson,0.6
CG Burnett,0.6
Imran Khan,0.6
AJ McKay,0.6
EP Thompson,0.6
Zaheer Maqsood,0.6
NM Odhiambo,0.6
E Leie,0.6
CA Soper,0.6
TS Mills,0.6
Mohammad Saifuddin,0.6
JL Denly,0.6
MS Panesar,0.6
Sohail Khan,0.6
AS Dean,0.6
LH Ferguson,0.6
J Louw,0.6
SG Borthwick,0.6
BJ McCarthy,0.6
BTJ Wheal,0.6
C de Grandhomme,0.6
AC Agar,0.6
A Martin,0.6
TGJ Gruijters,0.6
Usman Khan,0.6
A Khan,0.6
D Pretorius,0.6
DLS van Bunge,0.6
PA Hitchcock,0.6
H Masakadza,0.6
WD Balaji Rao,0.6
SW Masakadza,0.6
Aizaz Cheema,0.6
RR Watson,0.6
KJ Coetzer,0.6
JH Stander,0.6
T Muzarabani,0.6
JL Pattinson,0.6
Tanveer Ahmed,0.6
CAK Rajitha,0.6
Fayyaz Ahmed,0.6
SI Mahmood,0.6
A Vala,0.6
J Lewis,0.6
GI Maiden,0.6
H Patel,0.6
Iftikhar Anjum,0.6
A Bhattarai,0.6
LS Baker,0.6
AJ Redmond,0.6
MD Bates,0.6
R Powell,0.6
Imran Haider,0.6
MM Iqbal,0.6
MS Aulakh,0.6
RAS Lakmal,0.6
D Paterson,0.6
Ehsan Khan,0.6
KM Dabengwa,0.6
Kamran Shazad,0.6
GH O'Brien,0.6
CS MacLeod,0.6
Yamin Ahmadzai,0.6
AJ Hall,0.6
JOA Gordon,0.6
BRM Taylor,0.6
ST Gabriel,0.6
NJ Astle,0.6
R Frylinck,0.6
GC Tonge,0.6
Izatullah Dawlatzai,0.6
AS Hansra,0.6
AP Devcich,0.6
UWMBCA Welegedara,0.6
LM Jongwe,0.6
Nawroz Mangal,0.6
Amir Ali,0.6
N M'shangwe,0.6
Mohammad Rafique,0.6
Khurram Khan,0.6
RR Patel,0.6
G Wijekoon,0.6
GW Aldridge,0.6
Aamir Kaleem,0.6
CM Wright,0.6
Abu Hider,0.6
Dawlat Ahmadzai,0.6
VD Philander,0.6
Nazmul Hossain,0.6
M Pushpakumara,0.6
DR Briggs,0.6
SS Pathirana,0.6
NM Hauritz,0.6
GA Rogers,0.6
Umair Ali,0.6
Mohammad Nadeem,0.6
K Weeraratne,0.6
Sharif Asadullah,0.6
CL Cairns,0.6
GA Lamb,0.6
SD Parry,0.6
Mansoor Amjad,0.6
Shuvagata Hom,0.6
S Thuraisingam,0.6
I Wardlaw,0.6
Zahid Hussain,0.6
MS Chapman,0.6
RJ Campbell,0.6
Bilawal Bhatti,0.6
DL Maddy,0.6
ML Lewis,0.6
VJ Kingma,0.6
CD Barnwell,0.6
Sayed Shirzad,0.6
Naved-ul-Hasan,0.6
MB van Schelven,0.6
Tanvir Ahmed,0.6
JR Hazlewood,0.6
CR Woakes,0.6
SC Meaker,0.6
Asghar Stanikzai,0.6
Mohammad Shahid,0.6
D Gough,0.6
CJA Amini,0.6
CT Tremlett,0.6
DM de Silva,0.6
TK Curran,0.6
Sharafuddin Ashraf,0.6
MP O'Dowd,0.6
Mosaddek Hossain,0.6
Najeeb Amar,0.6
L Ngidi,0.6
AM Guruge,0.6
JP Behrendorff,0.6
LA Dawson,0.6
JT Smuts,0.6
Mohammad Kashif,0.6
P Raho,0.6
N Pokana,0.6
RT Lyons,0.6
Sufyan Mehmood,0.6
Mehidy Hasan Miraz,0.6
SJ Harmison,0.6
AM Samad,0.6
MBS Jonkman,0.6
J Mubarak,0.6
LHD Dilhara,0.6
DBL Powell,0.6
Farhan Ahmed,0.6
EHSN Silva,0.6
KO Meth,0.2
J Little,0.2
RJ Kirtley,0.2
Suhrawadi Shuvo,0.2
Saad Nasim,0.2
Muhammed Shanil,0.2
Ahmed Shehzad,0.2
DR Flynn,0.2
A Mehmood,0.2
NG Jones,0.2
Saqlain Sajib,0.2
MN Waller,0.2
PDRL Perera,0.2
GE Kidd,0.2
Soumya Sarkar,0.2
RN Lewis,0.2
JN Snape,0.2
JN Mohammed,0.2
RJ Trott,0.2
GJP Kruger,0.2
Mohammed Qasim,0.2
OL Pitcher,0.2
GEF Barnett,0.2
Atif Ali Khan,0.2
Robiul Islam,0.2
Nasir Aziz,0.2
TP Kamungozi,0.2
KC Hodsoll,0.2
Yasir Shah,0.2
DK Butler,0.2
N Deonarine,0.2
Abdur Rauf,0.2
Fahad Tariq,0.2
TE Tucker,0.2
DR Brown,0.2
NE Bonner,0.2
HJC Mol,0.2
PC de Silva,0.2
Sohaib Maqsood,0.2
Mehrab Hossain jnr,0.2
Jatinder Singh,0.2
Mominul Haque,0.2
KMC Bandara,0.2
DE Bernard,0.2
Mohammad Tauqir,0.2
GJ Batty,0.2
RDM Leverock,0.2
LN Oluoch,0.2
NM Lyon,0.2
CB Sole,0.2
RL Bhudia,0.2
MD Gunathilaka,0.2
KTGD Prasad,0.2
Aftab Ahmed,0.2
AK Perera,0.2
S Matsikenyeri,0.2
ST de Silva,0.2
Sajedul Islam,0.2
GJ McCarter,0.2
IDR Bradshaw,0.2
H Hiri,0.2
S Bau,0.2
EC Rainsford,0.2
Waqas Khan,0.2
PS Eaglestone,0.2
JW Wilson,0.2
TD Astle,0.2
Shabbir Ahmed,0.2
B Stanlake,0.2
J Anderson,0.2
A Nao,0.2
Asad Ali,0.2
BJ Diamanti,0.2
Waqas Barkat,0.2
N Pradeep,0.2
Muktar Ali,0.2
Arsalan Qadir,0.2
Mohammad Mithun,0.0
Aqib Ilyas,0.0
J Charles,0.0
MA Ouma,0.0
A Bagai,0.0
AA Obanda,0.0
ML Udawatte,0.0
Usman Limbada,0.0
HJH Marshall,0.0
Noor Ali Zadran,0.0
GJ Hopkins,0.0
AG Prince,0.0
Shahriar Nafees,0.0
AN Petersen,0.0
Hazratullah,0.0
D Murphy,0.0
K Pala,0.0
SW Poynter,0.0
AA Mulla,0.0
Nazimuddin,0.0
CR Ervine,0.0
BJ Watling,0.0
AN Kervezee,0.0
DJ Malan,0.0
RP Magar,0.0
R Flannigan,0.0
Raees Ahmadzai,0.0
D Ganga,0.0
RR Hendricks,0.0
IA Karim,0.0
N Pooran,0.0
Anamul Haque,0.0
AJ Strauss,0.0
JJ Celestine,0.0
JNT Vare,0.0
VS Solanki,0.0
WKD Perkins,0.0
Rafatullah Mohmand,0.0
ML Nkala,0.0
Javed Ahmadi,0.0
PJ Ingram,0.0
NFI McCallum,0.0
Shahzaib Hasan,0.0
Shakeel Ansar,0.0
VV Morea,0.0
RD McCann,0.0
JM How,0.0
N Dickwella,0.0
PJ Moor,0.0
SJS Smith,0.0
LS Livingstone,0.0
TP Visee,0.0
DL Hemp,0.0
Najeeb Tarakai,0.0
JS Foster,0.0
JJ Atkinson,0.0
Faizan Asif,0.0
OO Bascome,0.0
NR Kumar,0.0
Shaiman Anwar,0.0
DM Bravo,0.0
JJ Roy,0.0
MA Carberry,0.0
TB de Bruyn,0.0
CR Foggo,0.0
AK Mandal,0.0
B Zuiderent,0.0
Mohammad Iqbal,0.0
MH Cross,0.0
TN de Grooth,0.0
Naseem Khushi,0.0
P Mustard,0.0
F Mutizwa,0.0
Shahid Wasif,0.0
ES Szwarczynski,0.0
Ghulam Shabber,0.0
DJ Vilas,0.0
CK Coventry,0.0
V Shetty,0.0
Usman Ghani,0.0
L Vincent,0.0
K Jethi,0.0
Muhammad Usman,0.0
DC Thomas,0.0
D Daesrath,0.0
Muhammad Kaleem,0.0
JM Bairstow,0.0
DG Brownlie,0.0
Mohammad Rizwan,0.0
BA Parchment,0.0
SD Outerbridge,0.0
ME Trescothick,0.0
AF Buurman,0.0
S Jyoti,0.0
DA Rankin,0.0
Zulqarnain Haider,0.0
L Sreekumar,0.0
TM Dowlin,0.0
Amjad Ali,0.0
W Barresi,0.0
E Lewis,0.0
MS Sinclair,0.0
Hashmatullah Shahidi,0.0
CU Jayasinghe,0.0
Mushfiqur Rahim,0.0
RP Arnold,0.0
NB Budayair,0.0
Iftikhar Ahmed,0.0
Munir Dar,0.0
KDK Vithanage,0.0
CS Baugh,0.0
Liton Das,0.0
Junaid Siddique,0.0
Rony Talukdar,0.0
Najibullah Zadran,0.0
DS Smith,0.0
C Kieswetter,0.0
SI de Saram,0.0
AN Cook,0.0
HH Dippenaar,0.0
DM Gondaria,0.0
Awais Zia,0.0
WW Hinds,0.0
Khalid Latif,0.0
Inzamam-ul-Haq,0.0
KO Otieno,0.0
L Siaka,0.0
R Mutumbami,0.0
Nasir Jamshed,0.0
R Strydom,0.0
TC Bastiampillai,0.0
TWM Latham,0.0
D Bau,0.0
A Poulose,0.0
Imran Nazir,0.0
DM Richards,0.0
R Gunasekera,0.0
JAH Marshall,0.0
Rameez Raja,0.0
JM Vince,0.0
VS Wategaonkar,0.0
PJ Hughes,0.0
Tamim Iqbal,0.0
Mohammad Yousuf,0.0
Mohammad Qazi,0.0
Nauman Anwar,0.0
BN Cooper,0.0
PD McGlashan,0.0
Shoaib Khan jnr,0.0
Nurul Hasan,0.0
Abdul Shakoor,0.0
EC Joyce,0.0
SHT Kandamby,0.0
NJ O'Brien,0.0
NS Poonia,0.0
Usman Mushtaq,0.0
ACL Richards,0.0
J Edness,0.0
DO Obuya,0.0
Umar Amin,0.0
Amjad Gul,0.0
RW Chakabva,0.0
Adnan Ilyas,0.0
Sarfraz Ahmed,0.0
JP Bray,0.0
C Carter,0.0
Khurram Nawaz,0.0
Rameez Shahzad,0.0
MS Atapattu,0.0
RA Bhatti,0.0
Babar Hayat,0.0
DJ Reekers,0.0
TP Ura,0.0
CJO Smith,0.0
LE Bosman,0.0
Sikander Zulfiqar,0.0
Sharjeel Khan,0.0
Nazmus Sadat,0.0
NJ Reardon,0.0
ADS Fletcher,0.0
JA Rudolph,0.0
CD Wallace,0.0
IJL Trott,0.0
PG Fulton,0.0
CAK Walton,0.0
XM Marshall,0.0
TC Bruce,0.0
J Smits,0.0
PS Airee,0.0
V Sibanda,0.0
CMW Read,0.0
Mohammad Salman,0.0
HG Munsey,0.0
GJ Thompson,0.0
Shafiqullah,0.0
SP Terry,0.0
FRJ Coleman,0.0
G Malla,0.0
SMA Priyanjan,0.0
JNK Shannon,0.0
Umar Akmal,0.0
IR Bell,0.0
SJ Myburgh,0.0
Mukhtar Ahmed,0.0
SP Khakurel,0.0
TG Gordon,0.0
PA Nixon,0.0
MJ North,0.0
JS Jesani,0.0
HD Rutherford,0.0
A Balbirnie,0.0
HGJM Kulatunga,0.0
PM Nevill,0.0
BKG Mendis,0.0
SP Patil,0.0
DF Watts,0.0
GH Bodi,0.0
Hamza Tariq,0.0
FL Reifer,0.0
Saqlain Haider,0.0
B Bhandari,0.0
S Vesawkar,0.0
TA Blundell,0.0
NT Broom,0.0
CT Bancroft,0.0
SE Findlay,0.0
D Mongia,0.0
Adnan Mufti,0.0
Hammad Azam,0.0
ZE Surkari,0.0
Babar Azam,0.0
Shabir Noori,0.0
KOA Powell,0.0
KD Shah,0.0
Haris Sohail,0.0
HM Nicholls,0.0
S Samarawickrama,0.0
AM Blignaut,0.0
GO Jones,0.0
GMC Mol,0.0
D Ramdin,0.0
Shamsur Rahman,0.0
Imrul Kayes,0.0
Jahurul Islam,0.0
TR Ambrose,0.0
RS Morton,0.0
L Tucker,0.0
MP Vaughan,0.0
Asad Shafiq,0.0
GM Hamilton,0.0
Imran Farhat,0.0
LD Chandimal,0.0
HG Kuhn,0.0
AD Poynter,0.0
JD Schoonheim,0.0
Anas Khan,0.0
DO Christian,0.0
SM Davies,0.0
RI Ahmed,0.0
AD Hales,0.0
ND McKenzie,0.0
Fakhar Zaman,0.0
DP Hyatt,0.0
M Mosehle,0.0
WTS Porterfield,0.0
RJMGM Rupasinghe,0.0
GC Wilson,0.0
Zeeshan Siddiqui,0.0
GD Phillips,0.0
MC Bascombe,0.0
Afsar Zazai,0.0
Khurram Manzoor,0.0
VB van Jaarsveld,0.0
RR David,0.0
MJ Prior,0.0
S Keshvani,0.0
Nadif Chowdhury,0.0
RWT Key,0.0
CD McMillan,0.0
WU Tharanga,0.0
HDRL Thirimanne,0.0
Raqibul Hasan,0.0
Dhiman Ghosh,0.0
IS Billcliff,0.0
