Player,BatsmenRating
BB McCullum,3.8
V Kohli,5
TM Dilshan,3.4
MJ Guptill,3.8
Shoaib Malik,3.2
Mohammad Shahzad,3.8
JP Duminy,4.2
DA Warner,3.4
Umar Akmal,3.4
AB de Villiers,3
Mohammad Hafeez,2.8
CH Gayle,3.8
EJG Morgan,3.4
DPMD Jayawardene,3.8
RG Sharma,3.4
MN Samuels,3.2
SR Watson,3.4
H Masakadza,3.4
Shahid Afridi,2.6
AD Hales,3.8
KC Sangakkara,3.4
Ahmed Shehzad,3.2
SK Raina,3.4
MS Dhoni,3.8
HM Amla,3.8
Tamim Iqbal,2.8
LRPL Taylor,3
Shakib Al Hasan,3
F du Plessis,3.8
Yuvraj Singh,3.4
KP Pietersen,4.2
KS Williamson,3.8
DJ Bravo,2.8
AJ Finch,4.2
AD Mathews,3.2
DA Miller,3.4
JC Buttler,3.4
WTS Porterfield,2.4
Kamran Akmal,2.6
CL White,3.8
GC Smith,3.8
PR Stirling,3
G Gambhir,3.2
LMP Simmons,2.8
GC Wilson,2.8
Mohammad Nabi,2.6
Asghar Stanikzai,2.8
KJ Coetzer,2.8
Samiullah Shenwari,2.8
GJ Maxwell,3.4
Mahmudullah,2.4
Q de Kock,3.4
E Chigumbura,2.6
Misbah-ul-Haq,4
NLTC Perera,3
KA Pollard,2.6
LJ Wright,2.6
DJ Hussey,3
Shaiman Anwar,3.4
Sabbir Rahman,3.4
JE Root,4.2
Mushfiqur Rahim,2.4
J Charles,3
C Munro,3.4
MEK Hussey,4.2
LD Chandimal,2.4
MDKJ Perera,3.4
RS Bopara,3.2
CK Kapugedera,2.8
KJ O'Brien,2.4
RD Berrington,3
JH Kallis,3.6
W Barresi,2.8
Najibullah Zadran,3.8
SJ Myburgh,3
PW Borren,2.6
ST Jayasuriya,3
MR Swart,3.2
CJ Chibhabha,2.4
Salman Butt,3.2
BRM Taylor,3.4
DJG Sammy,2.6
PD Collingwood,2.6
DR Smith,2.6
SB Styris,3
ADS Fletcher,2.8
JA Morkel,3
MN Waller,3
MJ Lumb,3
S Dhawan,2.8
Babar Hayat,3.4
Soumya Sarkar,2.6
C Kieswetter,2.8
V Sibanda,2.4
CO Obuya,3.2
Noor Ali Zadran,3.2
Karim Sadiq,2
Nawroz Mangal,2.4
SC Williams,3
Imran Nazir,3
CS MacLeod,2.4
MJ Clarke,2.8
JDP Oram,2.6
GJ Bailey,3
JJ Roy,2.6
Babar Azam,4.6
E Lewis,3.8
NJ O'Brien,2.4
JEC Franklin,2.4
JD Ryder,3
Mohammad Ashraful,2.6
F Behardien,3.4
Younis Khan,3
CJ Anderson,3
SPD Smith,3
Gulbadin Naib,2.6
D Ramdin,2.4
PL Mommsen,3.8
BN Cooper,2.8
Rohan Mustafa,2.6
MW Machan,4.2
EC Joyce,3.6
TLW Cooper,3.4
BJ Haddin,2.4
RT Ponting,3.4
HH Gibbs,2.6
V Sehwag,3
Abdul Razzaq,2.4
MS Chapman,2.8
MH Cross,3
Shafiqullah,2.6
Sarfraz Ahmed,2.8
Muhammad Usman,2.8
Mashrafe Mortaza,2.2
Nizakat Khan,2.6
AM Rahane,2.4
Nasir Hossain,2.4
Zeeshan Maqsood,2.8
Nasir Jamshed,2.8
Sharjeel Khan,3
L Ronchi,2.6
Anamul Haque,3.6
OA Shah,3
RR Patel,2.4
AD Russell,2.2
SO Tikolo,3.4
S Chanderpaul,2.4
Sikandar Raza,2
A Symonds,5
JM Bairstow,3
RJ Nicol,2.4
RR Rossouw,3.4
AA Obanda,2.4
LE Bosman,3
Anshuman Rath,2.4
ML Hayden,0.6
KL Rahul,0.6
NL McCullum,2
RR Sarwan,2.8
Usman Ghani,2.8
HDRL Thirimanne,2.4
AN Kervezee,0.6
A Bagai,0.6
Mohammad Shahzad,2
TAM Siriwardana,2.6
AC Gilchrist,3
Amjad Javed,2.4
MV Boucher,2.4
T Taibu,3.2
Adnan Ilyas,2.8
SE Marsh,2.4
DT Johnston,2.6
RV Uthappa,2.8
UT Khawaja,0.6
MS Wade,2.4
J Mubarak,3
Rizwan Cheema,2.4
Khalid Latif,2.8
P Khadka,2.2
RE Levi,3
YK Pathan,2.6
DM Bravo,2.8
ES Szwarczynski,2.8
HG Munsey,2.6
JF Mooney,2.4
AR Cusack,2.2
CR Ervine,1.8
Aftab Ahmed,2.2
T Mishra,1.8
MN van Wyk,0.6
Sohaib Maqsood,2
WU Tharanga,2
H Patel,2.2
AD Poynter,2.4
Tanwir Afzal,2.2
TT Bresnan,2.6
Najeeb Tarakai,0.6
DO Obuya,0.6
KMDN Kulasekara,1.6
EMDY Munaweera,2.6
Khawar Ali,2.2
S Prasanna,2.2
RN ten Doeschate,0.6
RG Aga,2
CA Ingram,0.6
DL Vettori,2
TM Head,0.6
JM Kemp,0.6
DS Smith,0.6
MM Ali,2
JJ Atkinson,2.4
R Gunasekera,0.6
J Botha,2.6
Jatinder Singh,1.8
N Dickwella,0.6
S Vesawkar,0.6
BMAJ Mendis,3
Rameez Shahzad,0.6
Sohail Tanvir,2.2
CR Brathwaite,3
Fawad Alam,2.4
Asad Shafiq,0.6
Mukhtar Ahmed,0.6
BA Stokes,2.2
SR Patel,2
IR Bell,0.6
CD McMillan,0.6
SP Patil,1.8
Aizaz Khan,2
DAS Gunaratne,0.6
BJ Hodge,3
Nazimuddin,0.6
MJG Rippon,2.8
LPC Silva,2
NN Odhiambo,1.6
MK Pandey,3
RE van der Merwe,2.6
L Vincent,0.6
R Mutumbami,2
SR Thompson,2.2
RR Hendricks,0.6
IK Pathan,2.8
GD Elliott,2
MD Gunathilaka,0.6
M Vijay,0.6
DM de Silva,0.6
MD Shanaka,2
ME Trescothick,0.6
Umar Gul,1.6
TN de Grooth,2.4
TWM Latham,2.4
G Malla,1.4
JM Vince,0.6
Aamir Kaleem,1.8
H Davids,0.6
JP Faulkner,2
MC Henriques,3
Junaid Siddique,0.6
RR Watson,0.6
JL Ontong,2.6
Mudassar Bukhari,1.6
GSNFG Jayasuriya,1.4
CAK Walton,2
SW Poynter,2
HD Rutherford,0.6
SW Billings,2.2
KD Karthik,0.6
SP Narine,2.2
M Klinger,0.6
HH Pandya,2.2
A Vala,0.6
AC Voges,0.6
IJL Trott,0.6
KD Mills,2
Mohammad Naveed,2
DF Watts,1.4
AR White,2.8
TC Bruce,0.6
CJ Jordan,2
MR Marsh,0.6
GEF Barnett,0.6
AC Botha,2
Fakhar Zaman,0.6
Naeem Islam,0.6
Aqib Ilyas,0.6
Mirwais Ashraf,2
CK Coventry,2.2
PG Fulton,2
MA Ouma,1.4
MJ Prior,0.6
AJ Redmond,0.6
Wahab Riaz,2
RJ Peterson,2
R Ashwin,3.2
AD Mascarenhas,2.2
Imad Wasim,2.2
KM Jadhav,0.6
JDS Neesham,2.2
Umar Amin,1.8
DR Martyn,0.6
PJ Moor,0.6
Imrul Kayes,1.4
SCJ Broad,1.6
Ziaur Rahman,2.2
S Bau,0.6
RA Jadeja,1.6
Shahzaib Hasan,0.6
WD Parnell,3.2
DL Maddy,0.6
SP Khakurel,0.6
AP Devcich,0.6
SP Fleming,0.6
JT Smuts,0.6
Anwar Ali,2.2
MG Johnson,2
Karim Janat,1.8
Harbhajan Singh,2.2
B Zuiderent,0.6
Mohammad Rizwan,0.6
MD Dai,0.6
JR Hopes,2.4
M Mosehle,0.6
Sultan Ahmed,2.2
GP Swann,2.4
TG Southee,1.8
SM Davies,0.6
MA Leask,2
N Vanua,0.6
B Lee,2.6
S Dhaniram,1.4
Rashid Khan,2.6
BR Dunk,0.6
Mosaddek Hossain,0.6
TP Ura,0.6
Amir Ali,0.6
NR Kumar,0.6
Muhammad Kaleem,0.6
AM Samad,0.6
XM Marshall,0.6
RS Morton,0.6
ML Udawatte,0.6
MH Yardy,3.8
TM Odoyo,1
NS Poonia,0.6
JH Stander,1
P Utseya,1.4
C de Grandhomme,1.8
MC Sorensen,2.4
D Wiese,2.2
Yasir Arafat,2
Raees Ahmadzai,0.6
Saeed Ajmal,1.6
CR Woakes,0.6
CJA Amini,0.6
GM Hamilton,1.8
Sagar Pun,0.6
DLS van Bunge,1.8
CD Wallace,2.8
Waqas Barkat,1.4
GH Worker,0.6
AV Lalcheta,2.2
Mandeep Singh,0.6
DI Allan,0.6
GJ Hopkins,0.6
T Maruma,0.6
SM Pollock,2.2
Shamsur Rahman,0.6
Mohammad Mithun,2
Sompal Kami,1.8
JE Taylor,2
RML Taylor,0.6
A Balbirnie,0.6
JK Kamande,1.6
AS Hansra,0.6
TD Paine,1.6
Ehsan Khan,0.6
Faizan Asif,0.6
Mehran Khan,2
MJ Santner,1.6
CD Barnwell,0.6
GH Dockrell,1.6
Khurram Nawaz,0.6
DJ Malan,0.6
Nurul Hasan,0.6
L Siaka,0.6
DAJ Bracewell,3
KD Shah,1.4
A Flintoff,0.6
Imran Farhat,0.6
Irfan Ahmed,0.6
NFI McCallum,1.4
S Matsikenyeri,0.6
VS Solanki,0.6
GJ Thompson,0.6
DJ Willey,2
NJ Astle,0.6
BKG Mendis,0.6
KO Otieno,0.6
PM Seelaar,1.4
NT Broom,1.4
Khurram Khan,0.6
AR McBrine,2
SL Malinga,1.4
CH Morris,2
AJ Strauss,0.6
Farhad Reza,1.4
Awais Zia,0.6
SM Katich,0.6
MP O'Dowd,0.6
Dawlat Zadran,1.8
TM Dowlin,0.6
Mohammad Saifuddin,0.6
JNT Vare,0.6
Waqas Khan,0.6
AR Patel,0.6
AG Cremer,1.4
CA Lynn,0.6
SM Sharif,2.2
Shoaib Khan jnr,0.6
RM Haq,1.8
DP Hyatt,0.6
DJ Reekers,0.6
AN Cook,0.6
PD McGlashan,1
JWM Dalrymple,0.6
LM Jongwe,0.6
N Madziva,0.6
Mominul Haque,0.6
P Mustard,0.6
Zeeshan Siddiqui,0.6
PS Airee,0.6
DR Flynn,0.6
JN Mohammed,0.6
S Samarawickrama,0.6
Liton Das,0.6
CJO Smith,0.6
Alok Kapali,0.6
Sohag Gazi,0.6
JM How,0.6
SMSM Senanayake,1.4
C Carter,0.6
JH Davey,2.2
N Deonarine,0.6
GB Hogg,2.2
SO Ngoche,1.4
HS Baidwan,1.6
GD Drummond,1.4
Naseem Khushi,0.6
SMA Priyanjan,0.6
Usman Limbada,0.6
NM Coulter-Nile,1.6
RP Magar,0.6
IS Billcliff,0.6
TGJ Gruijters,0.6
Raqibul Hasan,0.6
HA Varaiya,4.6
Ghulam Shabber,0.6
Hamid Hassan,2.4
Mohammad Yousuf,0.6
U Bhatti,0.6
CU Jayasinghe,0.6
HG Kuhn,0.6
SD Outerbridge,0.6
DA Rankin,0.6
Shahid Wasif,0.6
K Weeraratne,0.6
Junaid Siddiqui,0.6
IA Karim,0.6
KM Dabengwa,0.6
JW Hastings,0.6
MM Iqbal,0.6
NM Odhiambo,0.6
JJ van der Wath,0.6
Haris Sohail,0.6
Haseeb Amjad,2
T van der Gugten,2
JM Davison,0.6
Saad Nasim,0.6
S Badrinath,0.6
NO Miller,0.6
RR Pant,0.6
L Tucker,0.6
Amjad Ali,0.6
JO Holder,0.6
NG Jones,0.6
AT Rayudu,0.6
Abdur Razzak,0.8
Ahmed Raza,1.2
K Jethi,0.6
Mohammad Amir,1.4
K Pala,0.6
Amir Hamza,1.6
BCJ Cutting,0.6
KDK Vithanage,0.6
RR David,0.6
Munir Dar,0.6
Rafatullah Mohmand,0.6
RI Ahmed,0.6
R Flannigan,0.6
NJ Maddinson,0.6
D Mongia,0.6
F Mutizwa,0.6
BJ Watling,0.6
SJ Benn,1.8
JS Foster,0.6
RM Hira,2.4
RJ Campbell,0.6
Mohammed Qasim,0.6
PA Patel,0.6
STR Binny,0.6
CD de Lange,0.6
VV Morea,0.6
D Murphy,0.6
R Powell,0.6
Shuvagata Hom,0.6
Arafat Sunny,0.6
Hammad Azam,0.6
Nadeem Ahmed,1.4
JD Nel,0.6
OL Pitcher,0.6
GO Jones,0.6
MF Maharoof,0.6
RJMGM Rupasinghe,0.6
WPUJC Vaas,0.6
WD Balaji Rao,0.6
SE Findlay,0.6
TG Gordon,0.6
GA Lamb,0.6
SNJ O'Keefe,0.6
Shadab Khan,0.6
J Theron,0.2
JC Tredwell,2.2
B Bhandari,0.6
TR Birt,0.6
R Dravid,0.6
Jahurul Islam,0.6
PA Nixon,0.2
H Osinde,1
WB Rankin,2
MRJ Watt,1.8
WW Hinds,0.6
S Badree,1.4
SS Iyer,0.6
AU Rashid,1.4
Abdul Shakoor,0.6
Ahsan Malik,1.6
Amjad Gul,0.6
PJ Cummins,1
TE Kane,0.6
A Nehra,1.4
PJ Ongondo,0.6
NE Bonner,0.6
DT Christian,1.6
Mehidy Hasan Miraz,0.6
Mohammad Iqbal,0.6
Nadif Chowdhury,0.6
SS Pathirana,0.6
AL Phehlukwayo,0.6
Shapoor Zadran,0.8
I Udana,1.6
MP Vaughan,0.6
Zulfiqar Babar,0.2
TB de Bruyn,0.6
D Ganga,0.6
Hamza Tariq,0.6
TJ Murtagh,2
AJ Turner,0.6
RA Bhatti,0.6
AM Ellis,0.6
CRD Fernando,1.2
G Goudie,0.6
RK Kleinveldt,0.6
PM Nevill,0.6
N Pooran,0.6
Raza-ur-Rehman,0.6
Shahriar Nafees,0.6
JW Dernbach,1.2
JN Gillespie,0.6
Rameez Raja,0.6
CP Schofield,0.6
C Zhuwao,0.6
KJ Abbott,2
AB Barath,0.6
Bilawal Bhatti,0.6
T Panyangara,3
LE Plunkett,1.2
Zulqarnain Haider,0.6
Abdur Rehman,0.6
AB Dinda,0.6
PJ Ingram,0.6
WP Masakadza,0.6
M Morkel,1.8
DP Nannes,2.2
AR Nurse,0.6
E Otieno,0.6
B Regmi,0.6
FL Reifer,0.6
Umair Ali,0.6
Anas Khan,0.2
SE Bond,1.2
PC de Silva,0.6
MR Gillespie,1
Kamran Shazad,0.6
AF Milne,0.8
Mohammad Nadeem,0.6
Mohammad Sami,2.2
Rony Talukdar,0.6
Shoaib Akhtar,1.8
SJS Smith,0.6
Taskin Ahmed,1.6
PA van Meekeren,1.2
RL Bhudia,0.6
JL Denly,0.6
DL Hemp,0.6
MJ North,0.6
JRMVB Sanjaya,0.6
S Sreesanth,0.6
Fahad Tariq,0.6
HGJM Kulatunga,0.6
CJ McKay,0.6
Muktar Ali,0.2
AM Phangiso,1.4
RLB Rambukwella,0.6
SV Samson,0.6
Shafiul Islam,1
RW Chakabva,0.6
LHD Dilhara,0.2
XJ Doherty,1.8
Hazratullah,0.6
Imran Tahir,2.4
Khurram Chohan,0.6
B Kumar,1.4
SW Masakadza,0.6
CT Mutombodzi,0.6
Nauman Anwar,0.6
Naved-ul-Hasan,0.6
Raza Hasan,0.2
CA Soper,0.6
S Thuraisingam,0.6
JW Wilson,0.6
TL Best,0.2
TS Chisoro,0.6
Faheem Ashraf,0.6
LN Onyango,0.6
PVD Chameera,2.2
CJ Ferguson,0.6
Kuldeep Yadav,0.6
LS Livingstone,0.6
Mehrab Hossain jnr,0.6
GD Phillips,0.6
JB Reva,0.6
BJ Rohrer,0.6
EHSN Silva,0.6
AB Agarkar,0.6
NW Bracken,1
BE Hendricks,0.6
E Katchay,0.6
HM Nicholls,0.6
LA Pomersbach,0.6
RW Price,0.8
Rubel Hossain,1.4
Shabir Noori,0.6
J Smits,0.6
DW Steyn,1
AO Suji,0.6
DT Tiripano,0.6
MK Tiwary,0.6
JDF Vandersay,0.6
VB van Jaarsveld,0.6
Abu Hider,0.6
SG Borthwick,0.6
ST Finn,0.6
MJ McClenaghan,1.2
JAH Marshall,0.6
GH O'Brien,0.6
AN Petersen,0.6
VD Philander,0.6
Saqlain Haider,0.6
VS Wategaonkar,0.6
CM Wright,0.6
AR Adams,0.6
TA Boult,0.8
J Edness,0.6
CR Foggo,0.6
SP Gauchan,0.6
PA Hitchcock,0.6
SHT Kandamby,0.6
SKW Kelly,0.2
Z Khan,1.8
Mohammad Rafique,0.6
CB Mpofu,1.6
CMW Read,0.6
Sufyan Mehmood,0.2
Usman Mushtaq,0.6
J Anderson,0.6
HMCM Bandara,0.6
HJH Marshall,0.6
NV Ojha,0.6
KOA Powell,0.6
R Rampaul,1.6
MA Starc,1
Fayyaz Ahmed,0.6
AJ Hall,0.6
Inzamam-ul-Haq,0.2
Khurram Manzoor,0.6
KS Lokuarachchi,0.6
WK McCallan,0.6
AK Mandal,0.6
AA Mulla,0.6
V Shetty,0.6
IS Sodhi,1
SW Tait,1
RM West,0.6
Yasir Shah,0.2
A Zampa,1
CS Baugh,0.6
FH Edwards,1.2
MJ Henry,0.6
S Jyoti,0.6
RWT Key,0.2
M Ntini,0.6
PP Ojha,0.2
BA Parchment,0.6
N Pokana,0.6
P Raho,0.2
ACL Richards,0.6
MP Stoinis,0.2
ZE Surkari,0.6
SR Tendulkar,0.6
RJ Trott,0.6
Abul Hasan,0.6
Afsar Zazai,0.6
AC Agar,0.6
JJ Celestine,0.6
FRJ Coleman,0.6
Elias Sunny,0.6
KM Jarvis,0.6
R McLaren,1.4
Mohammad Asif,0.2
JS Patel,0.6
WKD Perkins,0.6
A Poulose,0.6
KW Richardson,0.6
IH Romaine,0.6
Sikander Zulfiqar,0.2
TP Visee,0.6
AM Blignaut,0.6
GH Bodi,0.6
JJ Bumrah,1
TL Chatara,1
AS Dean,0.6
B Fernando,0.2
HMRKB Herath,1
S Randiv,0.6
BAW Mendis,0.8
Mustafizur Rahman,0.8
Shahadat Hossain,0.6
I Sharma,1.4
BV Vitori,0.2
Adnan Mufti,0.2
Al-Amin Hossain,0.8
RP Arnold,0.6
NB Budayair,0.6
MA Carberry,0.6
LA Dawson,0.2
P Kumar,0.6
ND McKenzie,0.2
A Nao,0.2
Qadeer Ahmed,0.6
GA Rogers,0.2
E Schiferli,0.6
JN Snape,0.6
Syed Rasel,0.6
Tanveer Ahmed,0.6
LV van Beek,0.6
D Bishoo,0.6
DG Brownlie,0.6
RMS Eranga,0.6
NM Hauritz,0.6
PJ Hughes,0.6
Javed Ahmadi,0.6
KO Meth,0.2
J Mulder,0.6
JA Rudolph,0.2
R Strydom,0.6
BM Wheeler,0.6
SA Abbott,0.6
M Ansari,0.2
MS Atapattu,0.6
Bilal Khan,1.2
IG Butler,0.8
Karan KC,0.6
GD McGrath,0.6
CS Martin,0.2
Mohammad Salman,0.6
T Mupariwa,0.2
N M'shangwe,0.6
Parvez Rasool,0.6
JL Pattinson,0.2
AG Prince,0.6
K Rabada,0.6
RJ Ranpura,0.2
RJ Sidebottom,1
R Telemachus,0.2
DR Tuffey,0.6
GJ Batty,0.6
JAR Blain,0.6
CJ Boyce,0.6
NM Carter,0.6
PC Connell,0.6
PA Desai,0.2
Farhan Ahmed,0.6
A Karn,0.6
CK Langeveldt,0.6
RT Lyons,0.6
GE Mathurin,0.2
Mohammad Irfan,0.4
Mohammad Tauqir,0.6
JM Muirhead,0.6
Nazmus Sadat,0.6
JO Ngoche,0.6
D Paterson,0.2
AK Perera,0.6
NJ Reardon,0.6
SP Terry,0.6
T Thushara,0.6
AJ Tye,0.6
CA Young,0.8
MC Bascombe,0.6
CL Cairns,0.6
YS Chahal,1
ST de Silva,0.6
Fawad Ahmed,0.2
WT Gavera,0.6
AM Guruge,0.6
Hasan Ali,1
Junaid Khan,0.2
MS Kasprowicz,0.2
GJP Kruger,0.6
Nazmul Hossain,0.2
CAK Rajitha,0.2
KAJ Roach,0.2
MM Sharma,0.2
RP Singh,0.2
Zahid Hussain,0.2
KMC Bandara,0.2
OO Bascome,0.6
A Bhattarai,0.6
JP Bray,0.6
GB Brent,0.6
TK Curran,0.2
Dawlat Ahmadzai,0.2
JOA Gordon,0.2
RJ Harris,0.2
BW Hilfenhaus,0.6
H Hiri,0.6
AJ Ireland,0.2
A Khan,0.6
RJ Kirtley,0.2
RAS Lakmal,0.6
MJ Mason,0.6
Najeeb Amar,0.6
L Ngidi,0.2
L Nou,0.2
JNK Shannon,0.6
LL Tsotsobe,0.6
Usman Khan,0.2
R Vinay Kumar,0.2
UWMBCA Welegedara,0.2
BTJ Wheal,0.2
KOK Williams,0.2
Zaheer Maqsood,0.6
Aftab Alam,0.2
JM Anderson,0.8
TD Astle,0.6
DE Bernard,0.2
DE Bollinger,0.2
DR Brown,0.6
R Dhawan,0.2
Dhiman Ghosh,0.6
HH Dippenaar,0.6
AC Evans,0.6
Hashmatullah Shahidi,0.2
JS Jesani,0.6
MBS Jonkman,0.6
GE Kidd,0.2
VJ Kingma,0.6
DS Kulkarni,0.2
J Lewis,0.6
J Louw,0.2
SI Mahmood,0.2
RD McCann,0.6
Muhammed Shanil,0.2
M Muralitharan,0.6
M Nasim Baras,0.6
ML Nkala,0.6
MS Panesar,0.6
SD Parry,0.6
MDK Perera,0.6
DBL Powell,0.2
EC Rainsford,0.2
Sandeep Sharma,0.2
Sayed Shirzad,0.6
PM Siddle,0.2
Sohail Khan,0.2
Suhrawadi Shuvo,0.2
EP Thompson,0.2
RJW Topley,0.2
TE Tucker,0.6
I Wardlaw,0.6
G Wijekoon,0.6
Yamin Ahmadzai,0.2
Aizaz Cheema,0
MS Aulakh,0
CT Bancroft,0
IDR Bradshaw,0
DR Briggs,0
AF Buurman,0
PP Chawla,0
DO Christian,0
SS Cottrell,0
A Dananjaya,0
Ehsan Nawaz,0
N Pradeep,0
SM Harwood,0
T Henderson,0
KC Hodsoll,0
Iftikhar Ahmed,0
Imran Khan,0
Izatullah Dawlatzai,0
Kaleemullah,0
S Keshvani,0
RN Lewis,0
J Little,0
AJ McKay,0
GI Maiden,0
BJ McCarthy,0
A Mehmood,0
TS Mills,0
A Mishra,0
Mohammad Kashif,0
Mohammad Qazi,0
HJC Mol,0
JK Mukhiya,0
T Muzarabani,0
A Nel,0
AA Noffke,0
MM Patel,0
PDRL Perera,0
DM Richards,0
JA Richardson,0
K Santokie,0
A Shahzad,0
Shakeel Ansar,0
MS Sinclair,0
L Sreekumar,0
M Zondeki,0
Aamer Yamin,0
YA Abdulla,0
Abdur Rauf,0
GW Aldridge,0
TR Ambrose,0
S Aravind,0
Arsalan Qadir,0
Asad Ali,0
Atif Ali Khan,0
P Awana,0
LS Baker,0
L Balaji,0
TC Bastiampillai,0
MD Bates,0
D Bau,0
JP Behrendorff,0
TA Blundell,0
N Boje,0
SM Boland,0
CG Burnett,0
DK Butler,0
SR Clark,0
MS Crane,0
D Daesrath,0
M de Lange,0
SI de Saram,0
BJ Diamanti,0
PS Eaglestone,0
Fareed Ahmad,0
LH Ferguson,0
R Frylinck,0
ST Gabriel,0
B Geeves,0
DM Gondaria,0
D Gough,0
HF Gurney,0
SJ Harmison,0
JR Hazlewood,0
Iftikhar Anjum,0
Imran Haider,0
Joginder Sharma,0
Jubair Hossain,0
TP Kamungozi,0
M Kartik,0
B Laughlin,0
E Leie,0
RDM Leverock,0
ML Lewis,0
NM Lyon,0
GT Main,0
Mansoor Amjad,0
A Martin,0
GJ McCarter,0
SC Meaker,0
Mohammad Nawaz,0
Mohammad Shahid,0
Mohammed Shami,0
Mohammed Siraj,0
GMC Mol,0
Nasir Aziz,0
P Negi,0
IE O'Brien,0
LN Oluoch,0
MA Parker,0
KTGD Prasad,0
D Pretorius,0
M Pushpakumara,0
Robiul Islam,0
Rokhan Barakzai,0
Rumman Raees,0
Sajedul Islam,0
PADLR Sandakan,0
Saqlain Sajib,0
JD Schoonheim,0
Shabbir Ahmed,0
T Shamsi,0
Sharafuddin Ashraf,0
Sharif Asadullah,0
KV Sharma,0
R Sharma,0
CB Sole,0
BB Sran,0
B Stanlake,0
Sultan Ahmed,0
Tanvir Ahmed,0
AC Thomas,0
DC Thomas,0
GC Tonge,0
CT Tremlett,0
S Tyagi,0
JD Unadkat,0
MB van Schelven,0
DJ Vilas,0
SR Welsh,0
MA Wood,0
LJ Woodcock,0
UT Yadav,0
Zahoor Khan,0
Zamir Khan,0
R Dhawan,1
WD Parnell,1
DB Ravi Teja,2
RA Jadeja,2
AC Thomas,1
JD Ryder,4
BJ Rohrer,4
J Botha,2
S Anirudha,1
SW Billings,2
MJ Clarke,3
AC Voges,3
J Suchith,1
S Nadeem,1
CM Gautam,2
HH Pandya,1
VR Aaron,1
UA Birla,1
B Sumanth,2
BCJ Cutting,2
RR Raje,1
AN Ghosh,1
Harmeet Singh,1
Umar Gul,1
YS Chahal,1
Azhar Mahmood,3
R Tewatia,1
P Negi,1
SC Ganguly,4
AA Chavan,1
MP Stoinis,2
RP Singh,1
CK Langeveldt,1
DJ Jacobs,2
PJ Sangwan,1
MS Dhoni,3
KC Cariappa,1
V Pratap Singh,1
TR Birt,3
Harpreet Singh,1
C Nanda,1
FY Fazal,3
Shoaib Akhtar,1
Imran Tahir,1
AUK Pathan,1
R McLaren,2
Shivam Sharma,1
Yuvraj Singh,3
P Sahu,1
AD Nath,1
CA Lynn,2
KD Karthik,3
K Goel,2
Karanveer Singh,1
MJ McClenaghan,1
X Thalaivan Sargunam,2
KL Rahul,3
MC Juneja,3
Jaskaran Singh,1
M Kartik,1
Kamran Khan,1
LPC Silva,2
AB McDonald,2
Misbah-ul-Haq,3
MD Mishra,2
AR Patel,1
GH Vihari,2
SA Yadav,2
Mohammad Hafeez,2
AB Agarkar,1
YA Abdulla,1
K Upadhyay,1
P Parameswaran,1
DH Yagnik,1
M Rawat,1
DA Miller,4
BJ Hodge,4
RT Ponting,2
SK Warne,1
NS Naik,2
BW Hilfenhaus,1
M Kaif,2
A Zampa,1
AL Menaria,2
SS Tiwary,3
A Symonds,4
CH Gayle,5
KB Arun Karthik,1
WP Saha,2
HV Patel,1
RG Sharma,4
MJ Guptill,1
MEK Hussey,5
MG Johnson,1
SS Iyer,3
S Sriram,3
MA Starc,1
AM Rahane,4
S Ladda,1
P Awana,1
R Bhatia,1
DAJ Bracewell,2
KS Williamson,2
EJG Morgan,3
Y Venugopal Rao,3
AB de Villiers,4
SK Raina,4
DW Steyn,1
SM Katich,4
JR Hopes,3
ST Jayasuriya,4
CJ Jordan,1
Bipul Sharma,1
CK Kapugedera,1
MN Samuels,2
SN Thakur,1
F du Plessis,4
WPUJC Vaas,1
Anirudh Singh,2
A Ashish Reddy,2
JA Morkel,2
V Sehwag,4
DJ Hussey,3
S Rana,2
DE Bollinger,1
Ankit Sharma,1
SM Boland,1
RR Pant,2
AD Mascarenhas,1
KA Pollard,3
DR Smith,4
P Suyal,1
MM Patel,1
A Nel,1
F Behardien,1
M Vijay,4
Sohail Tanvir,1
JH Kallis,4
Kuldeep Yadav,1
WA Mota,1
AT Rayudu,3
VVS Laxman,3
SB Styris,2
DP Vijaykumar,1
A Singh,1
MK Tiwary,3
Anureet Singh,1
B Laughlin,1
MF Maharoof,2
AF Milne,1
Gagandeep Singh,1
TG Southee,1
PM Sarvesh Kumar,1
IC Pandey,1
HM Amla,2
V Kohli,4
M Manhas,2
RG More,1
MR Marsh,2
LA Carseldine,3
AJ Finch,3
SR Watson,4
ND Doshi,1
M Ashwin,1
P Amarnath,1
CL White,3
S Kaul,1
TM Dilshan,4
JC Buttler,2
SR Tendulkar,5
KM Jadhav,2
DT Christian,2
JM Kemp,1
NL McCullum,2
B Akhil,1
BMAJ Mendis,2
M de Lange,1
SB Bangar,1
IR Jaggi,1
DJ Muthuswami,1
LMP Simmons,5
RE van der Merwe,2
G Gambhir,4
Y Nagar,2
MM Sharma,1
AG Paunikar,2
C Munro,2
Sunny Singh,2
R Bishnoi,1
SE Bond,1
JEC Franklin,3
AM Salvi,1
GJ Maxwell,3
JP Faulkner,2
ML Hayden,5
M Muralitharan,1
Sachin Baby,1
Mohammad Asif,1
A Uniyal,1
CJ Ferguson,2
Mohammed Shami,1
T Thushara,1
CJ McKay,1
Mohammad Ashraful,1
Y Gnaneswara Rao,2
DJG Sammy,2
KV Sharma,1
CA Ingram,2
PD Collingwood,4
AD Mathews,3
SS Sarkar,1
S Gopal,1
SP Narine,1
KK Cooper,1
SL Malinga,1
AA Noffke,2
Joginder Sharma,1
S Sreesanth,1
RR Sarwan,3
NK Patel,2
Anand Rajan,1
Ishan Kishan,1
L Ronchi,1
Z Khan,1
RR Bhatkal,1
D Kalyankrishna,1
TM Srivastava,1
SM Harwood,1
MS Gony,1
NLTC Perera,2
RS Bopara,4
AA Bilakhia,2
UT Khawaja,4
DS Lehmann,2
LA Pomersbach,3
C Madan,3
MS Bisla,3
Yashpal Singh,1
GR Napier,3
NJ Rimmington,1
JD Unadkat,1
RR Rossouw,2
RR Powar,1
AS Raut,2
DPMD Jayawardene,4
DR Martyn,3
AG Murtaza,1
I Sharma,1
MV Boucher,2
Swapnil Singh,1
BR Dunk,2
BB Samantray,3
VS Malik,1
RS Gavaskar,1
AP Dole,2
TL Suman,3
KP Appanna,1
Sandeep Sharma,1
GJ Bailey,3
PJ Cummins,1
MA Khote,1
A Nehra,1
M Vohra,3
S Vidyut,3
DJ Hooda,2
PSP Handscomb,1
AN Ahmed,1
SK Trivedi,1
N Saini,3
A Kumble,1
CA Pujara,2
Shoaib Malik,2
S Dhawan,4
RS Sodhi,1
L Ablish,1
ER Dwivedi,1
GS Sandhu,1
MDKJ Perera,2
RE Levi,2
GC Smith,4
B Kumar,1
SB Joshi,1
DNT Zoysa,1
R Dravid,4
PA Patel,3
SV Samson,3
NV Ojha,2
BB Sran,1
CH Morris,1
T Kohli,1
S Kaushik,1
SS Mundhe,1
PP Ojha,1
VS Yeligati,1
Kamran Akmal,4
RV Uthappa,4
R Ninan,1
YV Takawale,2
LR Shukla,2
JW Hastings,1
SMSM Senanayake,1
DJ Bravo,2
MK Pandey,3
KW Richardson,1
SD Chitnis,2
RV Gomez,1
S Randiv,1
S Chanderpaul,2
VY Mahesh,1
TA Boult,1
B Lee,1
M Klinger,3
KMDN Kulasekara,1
K Santokie,1
D Salunkhe,1
P Kumar,1
A Mishra,1
GD McGrath,1
T Taibu,2
Harbhajan Singh,1
SS Shaikh,1
RJ Peterson,1
A Chopra,2
HH Gibbs,4
IK Pathan,2
H Das,1
STR Binny,2
JO Holder,1
S Badrinath,3
R Rampaul,1
SA Abbott,2
A Flintoff,3
SJ Srivastava,1
JE Taylor,1
J Yadav,1
Shakib Al Hasan,2
B Chipli,2
LJ Wright,3
AC Gilchrist,4
PA Reddy,2
DT Patil,1
BA Bhatt,1
TD Paine,1
D Wiese,2
KC Sangakkara,4
CRD Fernando,1
FH Edwards,1
T Henderson,1
R Sathish,2
NM Coulter-Nile,1
N Rana,1
SE Marsh,5
I Malhotra,2
DL Vettori,1
RN ten Doeschate,2
DB Das,2
KJ Abbott,1
KP Pietersen,5
S Tyagi,1
Gurkeerat Singh,2
M Morkel,1
JP Duminy,4
S Aravind,1
VH Zol,2
GB Hogg,1
RJ Quiney,3
Salman Butt,4
PV Tambe,1
JDP Oram,1
SM Pollock,2
A Mukund,1
DJ Thornely,1
J Arunkumar,2
AP Tare,2
KAJ Roach,1
S Sohal,3
AD Russell,3
DP Nannes,1
MJ Lumb,4
R Sharma,1
RJ Harris,1
Iqbal Abdulla,1
T Shamsi,1
SPD Smith,3
Mustafizur Rahman,1
L Balaji,1
JJ van der Wath,1
R Shukla,1
AA Jhunjhunwala,2
P Dogra,2
SP Fleming,3
CJ Anderson,3
A Mithun,1
BB McCullum,4
Pankaj Singh,1
S Narwal,1
AB Barath,3
KH Pandya,2
M Ntini,1
Sunny Gupta,1
SB Wagh,1
AM Nayar,2
PP Chawla,1
DJ Harris,5
SA Asnodkar,4
A Chandila,1
Mashrafe Mortaza,1
Shoaib Ahmed,1
JJ Bumrah,1
U Kaul,1
CR Brathwaite,2
Younis Khan,1
Abdur Razzak,1
B Geeves,1
Parvez Rasool,1
R Ashwin,1
J Syed Mohammad,1
SN Khan,2
AC Blizzard,3
AB Dinda,1
LRPL Taylor,3
Shahid Afridi,2
PC Valthaty,4
MN van Wyk,5
D du Preez,1
DA Warner,5
PR Shah,1
SW Tait,1
SB Jakati,1
UBT Chand,3
SP Goswami,2
Mandeep Singh,2
KK Nair,3
MC Henriques,2
S Badree,1
AS Rajpoot,1
JDS Neesham,2
J Theron,1
DS Kulkarni,1
VRV Singh,1
OA Shah,4
W Jaffer,3
AP Majumdar,4
MS Wade,2
YK Pathan,3
R Vinay Kumar,1
TM Head,1
BJ Haddin,3
BE Hendricks,1
BAW Mendis,1
UT Yadav,1
NJ Maddinson,1
MA Agarwal,3
Q de Kock,5
